experiment,session,condition,duration_s,frames,cuts,restarts,min_corr,threshold,ended_by
e3,9717a6f4-d719-40f7-aaab-3920c8cb3234,"{""mode"": ""morph"", ""prompts"": ""delta""}",96.6,1536,2,0,0.7108,0.8171,TRIAL_MAX
e3,a2551b2e-8cec-4e42-9dcc-67b6d8675deb,"{""mode"": ""morph"", ""prompts"": ""delta""}",96.8,1298,2,0,0.6131,0.8171,TRIAL_MAX
e3,ebb28c32-1cc6-48f2-a550-c3d0399551c3,"{""mode"": ""morph"", ""prompts"": ""delta""}",98.2,1540,0,0,0.8402,0.8171,TRIAL_MAX
morph,0353a3ba-b659-4900-8351-c616cc678658,"{""mode"": ""morph"", ""prompts"": ""delta""}",49.7,541,0,0,0.8229,0.8171,USER_END
morph,40504e39-cdaa-43a4-b97c-570084a98d66,"{""mode"": ""morph"", ""prompts"": ""delta""}",96.9,209,2,0,0.7128,0.8171,TRIAL_MAX
morph,5a7ead25-ad69-43cf-bdff-e48f886e5ce8,"{""mode"": ""morph"", ""prompts"": ""delta""}",69.8,1131,0,0,0.8295,0.8171,CONNECTION_LOST
morph,6b44b16d-32c3-4fb1-85ac-67cf768de17b,"{""mode"": ""morph"", ""prompts"": ""delta""}",97.1,261,1,0,0.8026,0.8171,TRIAL_MAX
morph,a82ab169-1c94-4814-b001-4c78f09f8a08,"{""mode"": ""morph"", ""prompts"": ""delta""}",98.4,1767,0,0,0.8189,0.8171,TRIAL_MAX
morph,b399f956-3280-41a3-9e47-1aaaa36e7ae5,"{""mode"": ""morph"", ""prompts"": ""delta""}",96.1,616,0,0,0.8335,0.8171,TRIAL_MAX
morph,f25ebe6a-e0c4-4c4b-b543-8c9f0e1ff664,"{""mode"": ""morph"", ""prompts"": ""delta""}",77.8,1401,0,0,0.8636,0.8171,EV_HELD
morph,fd2776e1-f3dd-4e7e-8dd3-00b46ee841af,"{""mode"": ""morph"", ""prompts"": ""delta""}",98.3,1713,1,0,0.747,0.8171,TRIAL_MAX
morph,ff6db5fb-7ea9-409e-8f81-e439d8ef14e6,"{""mode"": ""morph"", ""prompts"": ""delta""}",97.8,211,6,0,0.5317,0.8171,TRIAL_MAX
nosend,3ca8b7bb-8e70-4f86-b54d-44135b0303ec,"{""mode"": ""nosend"", ""prompts"": ""delta""}",98.3,1124,0,0,0.8832,0.8171,TRIAL_MAX
nosend,3d219112-07e6-46db-92fc-e7d4fd13fb78,"{""mode"": ""nosend"", ""prompts"": ""delta""}",94.2,161,1,0,0.8144,0.8171,TRIAL_MAX
nosend,b715865e-f70b-4d04-a601-fe1a0c77e6a4,"{""mode"": ""nosend"", ""prompts"": ""delta""}",96.4,1739,0,0,0.9159,0.8171,TRIAL_MAX
restart,083c31e0-a545-40ae-b24e-64110bc0884d,"{""mode"": ""restart"", ""prompts"": ""delta""}",122.7,960,1,10,0.0014,0.8171,EV_HELD
restart,709d5e49-fc0c-4934-8f52-b53aa090bdf8,"{""mode"": ""restart"", ""prompts"": ""delta""}",151.0,834,1,12,0.0023,0.8171,EV_HELD
restart,e3e2cc5e-77ad-45c4-a57a-f3d1dd7026c5,"{""mode"": ""restart"", ""prompts"": ""delta""}",185.5,1196,1,13,0.0019,0.8171,TRIAL_MAX
restart,e9801cd2-9d3d-4829-acfb-0066ee3efde8,"{""mode"": ""restart"", ""prompts"": ""delta""}",168.0,985,1,13,0.0005,0.8171,EV_HELD
restate,10e113c1-9799-4bf1-948b-f300d999b521,"{""mode"": ""morph"", ""prompts"": ""restate""}",96.0,1311,2,0,0.7657,0.8171,TRIAL_MAX
restate,44d1dc9f-474c-47ea-86a5-3a246f2a3697,"{""mode"": ""morph"", ""prompts"": ""restate""}",98.5,1767,0,0,0.9122,0.8171,TRIAL_MAX
restate,97f43f46-2954-4a16-bf4f-a67e6ca623af,"{""mode"": ""morph"", ""prompts"": ""restate""}",97.6,449,0,0,0.8685,0.8171,TRIAL_MAX
restate,f7dca19e-cb98-4255-bcef-d6f8b42066f2,"{""mode"": ""morph"", ""prompts"": ""restate""}",77.7,474,1,0,0.7745,0.8171,EV_HELD
safe,30f1c0ad-a45e-475d-96fa-8009df4a0d9c,"{""mode"": ""morph"", ""prompts"": ""delta""}",96.5,1700,0,0,0.8869,0.8171,TRIAL_MAX
safe,3eca46e1-d787-44ab-b1f0-f065abca4c9e,"{""mode"": ""morph"", ""prompts"": ""delta""}",98.3,1773,2,0,0.7711,0.8171,TRIAL_MAX
safe,8af24293-0a86-49c8-950c-300444683060,"{""mode"": ""morph"", ""prompts"": ""delta""}",98.4,1775,1,0,0.618,0.8171,TRIAL_MAX
safe,d889b088-7bc0-4bc5-9685-be8944354d3f,"{""mode"": ""morph"", ""prompts"": ""delta""}",98.4,1774,0,0,0.9032,0.8171,TRIAL_MAX
