experiment,session,chunk,reason,kind,level_before,level_after,input_to_decision_ms,accepted_ms,landed_chunks,landed_by,outcome
e3,23d01941-1dfe-42a6-938f-240c3740372f,4,SUBJECT_ENTER,up,0,1,,388,3,next_boundary,executed
e3,23d01941-1dfe-42a6-938f-240c3740372f,7,PATIENT_CLOSER,selfApproach,1,2,744,1842,3,next_boundary,executed
e3,23d01941-1dfe-42a6-938f-240c3740372f,10,PATIENT_CLOSER,selfApproach,2,3,108,1889,3,next_boundary,executed
e3,23d01941-1dfe-42a6-938f-240c3740372f,16,CEILING_BODY,down,3,2,5285,1835,3,next_boundary,executed
e3,23d01941-1dfe-42a6-938f-240c3740372f,22,VARIABILITY,vary,2,2,,1837,3,next_boundary,executed
e3,23d01941-1dfe-42a6-938f-240c3740372f,24,PATIENT_CLOSER,selfApproach,2,3,938,1849,3,next_boundary,executed
e3,23d01941-1dfe-42a6-938f-240c3740372f,27,PATIENT_CLOSER,selfApproach,3,4,308,1807,3,next_boundary,executed
e3,23d01941-1dfe-42a6-938f-240c3740372f,31,CEILING_SUDS,down,4,3,1733,1860,3,next_boundary,executed
e3,23d01941-1dfe-42a6-938f-240c3740372f,37,UNDER_ENGAGED,up,3,4,,1818,3,next_boundary,executed
e3,23d01941-1dfe-42a6-938f-240c3740372f,39,PATIENT_CLOSER,selfApproach,4,5,2357,1846,3,next_boundary,executed
e3,23d01941-1dfe-42a6-938f-240c3740372f,45,UNDER_ENGAGED,up,5,6,,1845,3,next_boundary,executed
e3,23d01941-1dfe-42a6-938f-240c3740372f,47,EXPECTANCY_TEST,ev,6,6,,1847,3,next_boundary,executed
e3,9717a6f4-d719-40f7-aaab-3920c8cb3234,4,SUBJECT_ENTER,up,0,1,,264,3,next_boundary,executed
e3,9717a6f4-d719-40f7-aaab-3920c8cb3234,7,PATIENT_CLOSER,selfApproach,1,2,561,1712,3,next_boundary,executed
e3,9717a6f4-d719-40f7-aaab-3920c8cb3234,11,PATIENT_CLOSER,selfApproach,2,3,1622,1849,3,next_boundary,executed
e3,9717a6f4-d719-40f7-aaab-3920c8cb3234,16,CEILING_BODY,down,3,2,4880,3670,4,next_boundary,executed
e3,9717a6f4-d719-40f7-aaab-3920c8cb3234,22,VARIABILITY,vary,2,2,,1815,3,next_boundary,executed
e3,9717a6f4-d719-40f7-aaab-3920c8cb3234,24,PATIENT_CLOSER,selfApproach,2,3,617,1845,3,next_boundary,executed
e3,9717a6f4-d719-40f7-aaab-3920c8cb3234,28,PATIENT_CLOSER,selfApproach,3,4,1792,1839,3,next_boundary,executed
e3,9717a6f4-d719-40f7-aaab-3920c8cb3234,31,CEILING_SUDS,down,4,3,1426,1821,3,next_boundary,executed
e3,9717a6f4-d719-40f7-aaab-3920c8cb3234,37,UNDER_ENGAGED,up,3,4,,1931,3,next_boundary,executed
e3,9717a6f4-d719-40f7-aaab-3920c8cb3234,39,PATIENT_CLOSER,selfApproach,4,5,2050,1808,3,next_boundary,executed
e3,9717a6f4-d719-40f7-aaab-3920c8cb3234,45,UNDER_ENGAGED,up,5,6,,1829,3,next_boundary,executed
e3,9717a6f4-d719-40f7-aaab-3920c8cb3234,47,EXPECTANCY_TEST,ev,6,6,,1847,3,next_boundary,executed
e3,a2551b2e-8cec-4e42-9dcc-67b6d8675deb,4,SUBJECT_ENTER,up,0,1,,320,3,next_boundary,executed
e3,a2551b2e-8cec-4e42-9dcc-67b6d8675deb,7,PATIENT_CLOSER,selfApproach,1,2,518,1804,3,next_boundary,executed
e3,a2551b2e-8cec-4e42-9dcc-67b6d8675deb,11,PATIENT_CLOSER,selfApproach,2,3,1708,1811,3,next_boundary,executed
e3,a2551b2e-8cec-4e42-9dcc-67b6d8675deb,16,CEILING_BODY,down,3,2,4942,1832,3,next_boundary,executed
e3,a2551b2e-8cec-4e42-9dcc-67b6d8675deb,22,VARIABILITY,vary,2,2,,1854,3,next_boundary,executed
e3,a2551b2e-8cec-4e42-9dcc-67b6d8675deb,24,PATIENT_CLOSER,selfApproach,2,3,687,1849,3,next_boundary,executed
e3,a2551b2e-8cec-4e42-9dcc-67b6d8675deb,27,PATIENT_CLOSER,selfApproach,3,4,94,1787,3,next_boundary,executed
e3,a2551b2e-8cec-4e42-9dcc-67b6d8675deb,31,CEILING_SUDS,down,4,3,1508,1837,3,next_boundary,executed
e3,a2551b2e-8cec-4e42-9dcc-67b6d8675deb,37,VARIABILITY,vary,3,3,,1882,3,next_boundary,executed
e3,a2551b2e-8cec-4e42-9dcc-67b6d8675deb,39,PATIENT_CLOSER,selfApproach,3,4,2142,1899,3,next_boundary,executed
e3,a2551b2e-8cec-4e42-9dcc-67b6d8675deb,45,UNDER_ENGAGED,up,4,5,,1852,3,next_boundary,executed
e3,a2551b2e-8cec-4e42-9dcc-67b6d8675deb,51,PATIENT_CLOSER,selfApproach,5,6,73,1849,3,next_boundary,executed
e3,ebb28c32-1cc6-48f2-a550-c3d0399551c3,5,SUBJECT_ENTER,up,0,1,,1521,3,next_boundary,executed
e3,ebb28c32-1cc6-48f2-a550-c3d0399551c3,8,PATIENT_CLOSER,selfApproach,1,2,1544,1815,3,next_boundary,executed
e3,ebb28c32-1cc6-48f2-a550-c3d0399551c3,11,PATIENT_CLOSER,selfApproach,2,3,1142,1830,3,next_boundary,executed
e3,ebb28c32-1cc6-48f2-a550-c3d0399551c3,16,CEILING_BODY,down,3,2,4180,1876,3,next_boundary,executed
e3,ebb28c32-1cc6-48f2-a550-c3d0399551c3,22,VARIABILITY,vary,2,2,,1862,3,next_boundary,executed
e3,ebb28c32-1cc6-48f2-a550-c3d0399551c3,25,PATIENT_CLOSER,selfApproach,2,3,1793,1884,3,next_boundary,executed
e3,ebb28c32-1cc6-48f2-a550-c3d0399551c3,28,PATIENT_CLOSER,selfApproach,3,4,1151,1827,3,next_boundary,executed
e3,ebb28c32-1cc6-48f2-a550-c3d0399551c3,31,CEILING_SUDS,down,4,3,773,1824,3,next_boundary,executed
e3,ebb28c32-1cc6-48f2-a550-c3d0399551c3,37,UNDER_ENGAGED,up,3,4,,1909,3,next_boundary,executed
e3,ebb28c32-1cc6-48f2-a550-c3d0399551c3,39,PATIENT_CLOSER,selfApproach,4,5,1376,1860,3,next_boundary,executed
e3,ebb28c32-1cc6-48f2-a550-c3d0399551c3,45,UNDER_ENGAGED,up,5,6,,1749,3,next_boundary,executed
e3,ebb28c32-1cc6-48f2-a550-c3d0399551c3,47,EXPECTANCY_TEST,ev,6,6,,1849,3,next_boundary,executed
e3,ebb28c32-1cc6-48f2-a550-c3d0399551c3,53,VARIABILITY,vary,6,6,,2002,3,next_boundary,executed
morph,0353a3ba-b659-4900-8351-c616cc678658,4,SUBJECT_ENTER,up,0,1,,370,3,next_boundary,executed
morph,0353a3ba-b659-4900-8351-c616cc678658,7,PATIENT_CLOSER,selfApproach,1,2,916,1827,3,next_boundary,executed
morph,0353a3ba-b659-4900-8351-c616cc678658,10,PATIENT_CLOSER,selfApproach,2,3,306,1890,3,next_boundary,executed
morph,0353a3ba-b659-4900-8351-c616cc678658,14,PATIENT_CLOSER,selfApproach,3,4,1866,3544,4,next_boundary,executed
morph,0353a3ba-b659-4900-8351-c616cc678658,20,CEILING_BODY,down,4,3,5725,1707,3,next_boundary,executed
morph,0353a3ba-b659-4900-8351-c616cc678658,26,VARIABILITY,vary,3,3,,1844,3,next_boundary,executed
morph,0353a3ba-b659-4900-8351-c616cc678658,28,PATIENT_CLOSER,selfApproach,3,4,2384,1849,3,next_boundary,executed
morph,40504e39-cdaa-43a4-b97c-570084a98d66,5,SUBJECT_ENTER,up,0,1,,1526,3,next_boundary,executed
morph,40504e39-cdaa-43a4-b97c-570084a98d66,8,PATIENT_CLOSER,selfApproach,1,2,1662,1811,3,next_boundary,executed
morph,40504e39-cdaa-43a4-b97c-570084a98d66,11,PATIENT_CLOSER,selfApproach,2,3,971,1971,3,next_boundary,executed
morph,40504e39-cdaa-43a4-b97c-570084a98d66,14,PATIENT_CLOSER,selfApproach,3,4,570,1903,3,next_boundary,executed
morph,40504e39-cdaa-43a4-b97c-570084a98d66,20,CEILING_BODY,down,4,3,4535,1875,3,next_boundary,executed
morph,40504e39-cdaa-43a4-b97c-570084a98d66,26,VARIABILITY,vary,3,3,,1947,3,next_boundary,executed
morph,40504e39-cdaa-43a4-b97c-570084a98d66,28,PATIENT_CLOSER,selfApproach,3,4,1227,1837,3,next_boundary,executed
morph,40504e39-cdaa-43a4-b97c-570084a98d66,31,PATIENT_CLOSER,selfApproach,4,5,750,2055,3,next_boundary,executed
morph,40504e39-cdaa-43a4-b97c-570084a98d66,34,CEILING_SUDS,down,5,4,269,1855,3,next_boundary,executed
morph,40504e39-cdaa-43a4-b97c-570084a98d66,40,UNDER_ENGAGED,up,4,5,,2033,3,next_boundary,executed
morph,40504e39-cdaa-43a4-b97c-570084a98d66,42,PATIENT_CLOSER,selfApproach,5,6,735,1927,3,next_boundary,executed
morph,40504e39-cdaa-43a4-b97c-570084a98d66,44,EXPECTANCY_TEST,ev,6,6,,1879,3,next_boundary,executed
morph,40504e39-cdaa-43a4-b97c-570084a98d66,50,VARIABILITY,vary,6,6,,2043,3,next_boundary,executed
morph,5a7ead25-ad69-43cf-bdff-e48f886e5ce8,4,SUBJECT_ENTER,up,0,1,,274,5,next_boundary,executed
morph,5a7ead25-ad69-43cf-bdff-e48f886e5ce8,7,PATIENT_CLOSER,selfApproach,1,2,830,1800,3,next_boundary,executed
morph,5a7ead25-ad69-43cf-bdff-e48f886e5ce8,10,PATIENT_CLOSER,selfApproach,2,3,160,1823,3,next_boundary,executed
morph,5a7ead25-ad69-43cf-bdff-e48f886e5ce8,14,PATIENT_CLOSER,selfApproach,3,4,1608,1884,3,next_boundary,executed
morph,5a7ead25-ad69-43cf-bdff-e48f886e5ce8,19,CEILING_BODY,down,4,3,3990,1740,3,next_boundary,executed
morph,5a7ead25-ad69-43cf-bdff-e48f886e5ce8,25,CEILING_BODY,down,3,2,14875,1848,3,next_boundary,executed
morph,5a7ead25-ad69-43cf-bdff-e48f886e5ce8,31,PATIENT_CLOSER,selfApproach,2,3,1888,1796,3,next_boundary,executed
morph,5a7ead25-ad69-43cf-bdff-e48f886e5ce8,34,CEILING_SUDS,down,3,2,1304,1744,3,next_boundary,executed
morph,6b44b16d-32c3-4fb1-85ac-67cf768de17b,5,SUBJECT_ENTER,up,0,1,,1724,3,next_boundary,executed
morph,6b44b16d-32c3-4fb1-85ac-67cf768de17b,8,PATIENT_CLOSER,selfApproach,1,2,1742,1914,3,next_boundary,executed
morph,6b44b16d-32c3-4fb1-85ac-67cf768de17b,11,PATIENT_CLOSER,selfApproach,2,3,1381,1765,3,next_boundary,executed
morph,6b44b16d-32c3-4fb1-85ac-67cf768de17b,14,PATIENT_CLOSER,selfApproach,3,4,620,3672,4,next_boundary,executed
morph,6b44b16d-32c3-4fb1-85ac-67cf768de17b,20,CEILING_BODY,down,4,3,4757,1898,3,next_boundary,executed
morph,6b44b16d-32c3-4fb1-85ac-67cf768de17b,26,VARIABILITY,vary,3,3,,1806,5,next_boundary,executed
morph,6b44b16d-32c3-4fb1-85ac-67cf768de17b,28,PATIENT_CLOSER,selfApproach,3,4,1374,1754,3,next_boundary,executed
morph,6b44b16d-32c3-4fb1-85ac-67cf768de17b,31,PATIENT_CLOSER,selfApproach,4,5,872,1784,3,next_boundary,executed
morph,6b44b16d-32c3-4fb1-85ac-67cf768de17b,34,CEILING_SUDS,down,5,4,383,1828,3,next_boundary,executed
morph,6b44b16d-32c3-4fb1-85ac-67cf768de17b,40,VARIABILITY,vary,4,4,,1581,3,next_boundary,executed
morph,6b44b16d-32c3-4fb1-85ac-67cf768de17b,42,PATIENT_CLOSER,selfApproach,4,5,1158,3634,4,next_boundary,executed
morph,6b44b16d-32c3-4fb1-85ac-67cf768de17b,45,PATIENT_CLOSER,selfApproach,5,6,564,1713,3,next_boundary,executed
morph,6b44b16d-32c3-4fb1-85ac-67cf768de17b,47,EXPECTANCY_TEST,ev,6,6,,1987,3,next_boundary,executed
morph,6b44b16d-32c3-4fb1-85ac-67cf768de17b,53,VARIABILITY,vary,6,6,,1848,3,next_boundary,executed
morph,a82ab169-1c94-4814-b001-4c78f09f8a08,5,SUBJECT_ENTER,up,0,1,,1273,3,next_boundary,executed
morph,a82ab169-1c94-4814-b001-4c78f09f8a08,8,PATIENT_CLOSER,selfApproach,1,2,1518,1816,3,next_boundary,executed
morph,a82ab169-1c94-4814-b001-4c78f09f8a08,11,PATIENT_CLOSER,selfApproach,2,3,873,1827,3,next_boundary,executed
morph,a82ab169-1c94-4814-b001-4c78f09f8a08,14,PATIENT_CLOSER,selfApproach,3,4,528,1829,3,next_boundary,executed
morph,a82ab169-1c94-4814-b001-4c78f09f8a08,20,CEILING_BODY,down,4,3,4334,1844,3,next_boundary,executed
morph,a82ab169-1c94-4814-b001-4c78f09f8a08,26,VARIABILITY,vary,3,3,,1787,3,next_boundary,executed
morph,a82ab169-1c94-4814-b001-4c78f09f8a08,28,PATIENT_CLOSER,selfApproach,3,4,1108,1859,3,next_boundary,executed
morph,a82ab169-1c94-4814-b001-4c78f09f8a08,31,PATIENT_CLOSER,selfApproach,4,5,565,1765,3,next_boundary,executed
morph,a82ab169-1c94-4814-b001-4c78f09f8a08,34,CEILING_SUDS,down,5,4,141,1891,3,next_boundary,executed
morph,a82ab169-1c94-4814-b001-4c78f09f8a08,40,UNDER_ENGAGED,up,4,5,,1921,3,next_boundary,executed
morph,a82ab169-1c94-4814-b001-4c78f09f8a08,42,PATIENT_CLOSER,selfApproach,5,6,973,1595,3,next_boundary,executed
morph,a82ab169-1c94-4814-b001-4c78f09f8a08,44,EXPECTANCY_TEST,ev,6,6,,1779,3,next_boundary,executed
morph,a82ab169-1c94-4814-b001-4c78f09f8a08,50,VARIABILITY,vary,6,6,,1746,3,next_boundary,executed
morph,b399f956-3280-41a3-9e47-1aaaa36e7ae5,4,SUBJECT_ENTER,up,0,1,,279,3,next_boundary,executed
morph,b399f956-3280-41a3-9e47-1aaaa36e7ae5,7,PATIENT_CLOSER,selfApproach,1,2,398,1785,3,next_boundary,executed
morph,b399f956-3280-41a3-9e47-1aaaa36e7ae5,11,PATIENT_CLOSER,selfApproach,2,3,1515,1824,3,next_boundary,executed
morph,b399f956-3280-41a3-9e47-1aaaa36e7ae5,14,PATIENT_CLOSER,selfApproach,3,4,1110,1829,3,next_boundary,executed
morph,b399f956-3280-41a3-9e47-1aaaa36e7ae5,20,CEILING_BODY,down,4,3,5273,1775,3,next_boundary,executed
morph,b399f956-3280-41a3-9e47-1aaaa36e7ae5,26,VARIABILITY,vary,3,3,,1800,3,next_boundary,executed
morph,b399f956-3280-41a3-9e47-1aaaa36e7ae5,28,PATIENT_CLOSER,selfApproach,3,4,1829,1886,3,next_boundary,executed
morph,b399f956-3280-41a3-9e47-1aaaa36e7ae5,31,PATIENT_CLOSER,selfApproach,4,5,1174,1877,3,next_boundary,executed
morph,b399f956-3280-41a3-9e47-1aaaa36e7ae5,34,CEILING_SUDS,down,5,4,799,1902,3,next_boundary,executed
morph,b399f956-3280-41a3-9e47-1aaaa36e7ae5,40,VARIABILITY,vary,4,4,,1862,3,next_boundary,executed
morph,b399f956-3280-41a3-9e47-1aaaa36e7ae5,42,PATIENT_CLOSER,selfApproach,4,5,1495,1858,3,next_boundary,executed
morph,b399f956-3280-41a3-9e47-1aaaa36e7ae5,45,PATIENT_CLOSER,selfApproach,5,6,942,1768,3,next_boundary,executed
morph,b399f956-3280-41a3-9e47-1aaaa36e7ae5,47,EXPECTANCY_TEST,ev,6,6,,1920,3,next_boundary,executed
morph,f25ebe6a-e0c4-4c4b-b543-8c9f0e1ff664,5,SUBJECT_ENTER,up,0,1,,1562,3,next_boundary,executed
morph,f25ebe6a-e0c4-4c4b-b543-8c9f0e1ff664,7,PATIENT_CLOSER,selfApproach,1,2,46,1846,3,next_boundary,executed
morph,f25ebe6a-e0c4-4c4b-b543-8c9f0e1ff664,11,PATIENT_CLOSER,selfApproach,2,3,1234,1853,3,next_boundary,executed
morph,f25ebe6a-e0c4-4c4b-b543-8c9f0e1ff664,14,PATIENT_CLOSER,selfApproach,3,4,887,1869,3,next_boundary,executed
morph,f25ebe6a-e0c4-4c4b-b543-8c9f0e1ff664,20,VARIABILITY,vary,4,4,,1836,3,next_boundary,executed
morph,f25ebe6a-e0c4-4c4b-b543-8c9f0e1ff664,26,VARIABILITY,vary,4,4,,1841,3,next_boundary,executed
morph,f25ebe6a-e0c4-4c4b-b543-8c9f0e1ff664,28,PATIENT_CLOSER,selfApproach,4,5,1602,1765,3,next_boundary,executed
morph,f25ebe6a-e0c4-4c4b-b543-8c9f0e1ff664,31,PATIENT_CLOSER,selfApproach,5,6,902,1830,3,next_boundary,executed
morph,f25ebe6a-e0c4-4c4b-b543-8c9f0e1ff664,33,EXPECTANCY_TEST,ev,6,6,,1908,3,next_boundary,executed
morph,f25ebe6a-e0c4-4c4b-b543-8c9f0e1ff664,35,CEILING_SUDS,down,6,5,2395,1792,3,next_boundary,executed
morph,f25ebe6a-e0c4-4c4b-b543-8c9f0e1ff664,41,UNDER_ENGAGED,up,5,6,,1842,3,next_boundary,executed
morph,fd2776e1-f3dd-4e7e-8dd3-00b46ee841af,5,SUBJECT_ENTER,up,0,1,,1471,3,next_boundary,executed
morph,fd2776e1-f3dd-4e7e-8dd3-00b46ee841af,8,PATIENT_CLOSER,selfApproach,1,2,1820,1837,3,next_boundary,executed
morph,fd2776e1-f3dd-4e7e-8dd3-00b46ee841af,11,PATIENT_CLOSER,selfApproach,2,3,1198,1834,3,next_boundary,executed
morph,fd2776e1-f3dd-4e7e-8dd3-00b46ee841af,14,PATIENT_CLOSER,selfApproach,3,4,832,1937,3,next_boundary,executed
morph,fd2776e1-f3dd-4e7e-8dd3-00b46ee841af,20,CEILING_BODY,down,4,3,4646,1823,3,next_boundary,executed
morph,fd2776e1-f3dd-4e7e-8dd3-00b46ee841af,26,VARIABILITY,vary,3,3,,1839,3,next_boundary,executed
morph,fd2776e1-f3dd-4e7e-8dd3-00b46ee841af,28,PATIENT_CLOSER,selfApproach,3,4,1416,1852,3,next_boundary,executed
morph,fd2776e1-f3dd-4e7e-8dd3-00b46ee841af,31,PATIENT_CLOSER,selfApproach,4,5,1057,1822,3,next_boundary,executed
morph,fd2776e1-f3dd-4e7e-8dd3-00b46ee841af,34,CEILING_SUDS,down,5,4,429,1836,3,next_boundary,executed
morph,fd2776e1-f3dd-4e7e-8dd3-00b46ee841af,40,UNDER_ENGAGED,up,4,5,,1839,3,next_boundary,executed
morph,fd2776e1-f3dd-4e7e-8dd3-00b46ee841af,42,PATIENT_CLOSER,selfApproach,5,6,1022,1842,3,next_boundary,executed
morph,fd2776e1-f3dd-4e7e-8dd3-00b46ee841af,44,EXPECTANCY_TEST,ev,6,6,,1878,3,next_boundary,executed
morph,fd2776e1-f3dd-4e7e-8dd3-00b46ee841af,50,VARIABILITY,vary,6,6,,1863,3,next_boundary,executed
morph,ff6db5fb-7ea9-409e-8f81-e439d8ef14e6,5,SUBJECT_ENTER,up,0,1,,1288,3,next_boundary,executed
morph,ff6db5fb-7ea9-409e-8f81-e439d8ef14e6,8,PATIENT_CLOSER,selfApproach,1,2,1416,1828,3,next_boundary,executed
morph,ff6db5fb-7ea9-409e-8f81-e439d8ef14e6,11,PATIENT_CLOSER,selfApproach,2,3,1096,1786,3,next_boundary,executed
morph,ff6db5fb-7ea9-409e-8f81-e439d8ef14e6,14,PATIENT_CLOSER,selfApproach,3,4,407,1754,3,next_boundary,executed
morph,ff6db5fb-7ea9-409e-8f81-e439d8ef14e6,20,CEILING_BODY,down,4,3,4375,1776,3,next_boundary,executed
morph,ff6db5fb-7ea9-409e-8f81-e439d8ef14e6,26,VARIABILITY,vary,3,3,,1846,3,next_boundary,executed
morph,ff6db5fb-7ea9-409e-8f81-e439d8ef14e6,28,PATIENT_CLOSER,selfApproach,3,4,1138,1871,3,next_boundary,executed
morph,ff6db5fb-7ea9-409e-8f81-e439d8ef14e6,31,PATIENT_CLOSER,selfApproach,4,5,507,1892,3,next_boundary,executed
morph,ff6db5fb-7ea9-409e-8f81-e439d8ef14e6,34,CEILING_SUDS,down,5,4,175,1695,3,next_boundary,executed
morph,ff6db5fb-7ea9-409e-8f81-e439d8ef14e6,40,UNDER_ENGAGED,up,4,5,,1860,3,next_boundary,executed
morph,ff6db5fb-7ea9-409e-8f81-e439d8ef14e6,42,PATIENT_CLOSER,selfApproach,5,6,737,1838,3,next_boundary,executed
morph,ff6db5fb-7ea9-409e-8f81-e439d8ef14e6,44,EXPECTANCY_TEST,ev,6,6,,1800,3,next_boundary,executed
morph,ff6db5fb-7ea9-409e-8f81-e439d8ef14e6,50,VARIABILITY,vary,6,6,,1936,3,next_boundary,executed
nosend,1fc9ab49-c100-493f-892f-97c6a741a49d,5,SUBJECT_ENTER,up,0,1,,3212,4,next_boundary,executed
nosend,3ca8b7bb-8e70-4f86-b54d-44135b0303ec,5,SUBJECT_ENTER,up,0,1,,1524,3,next_boundary,executed
nosend,3d219112-07e6-46db-92fc-e7d4fd13fb78,5,SUBJECT_ENTER,up,0,1,,1616,3,next_boundary,executed
nosend,b715865e-f70b-4d04-a601-fe1a0c77e6a4,4,SUBJECT_ENTER,up,0,1,,1929,4,next_boundary,executed
restart,083c31e0-a545-40ae-b24e-64110bc0884d,5,SUBJECT_ENTER,up,0,1,,6707,1,restart,executed
restart,083c31e0-a545-40ae-b24e-64110bc0884d,7,PATIENT_CLOSER,selfApproach,1,2,866,5020,1,restart,executed
restart,083c31e0-a545-40ae-b24e-64110bc0884d,9,PATIENT_CLOSER,selfApproach,2,3,3445,5270,1,restart,executed
restart,083c31e0-a545-40ae-b24e-64110bc0884d,11,CEILING_BODY,down,3,2,4948,5124,1,restart,executed
restart,083c31e0-a545-40ae-b24e-64110bc0884d,17,PATIENT_CLOSER,selfApproach,2,3,2847,5487,1,restart,executed
restart,083c31e0-a545-40ae-b24e-64110bc0884d,19,PATIENT_CLOSER,selfApproach,3,4,5694,5102,1,restart,executed
restart,083c31e0-a545-40ae-b24e-64110bc0884d,25,PATIENT_CLOSER,selfApproach,4,5,1470,5158,1,restart,executed
restart,083c31e0-a545-40ae-b24e-64110bc0884d,27,PATIENT_CLOSER,selfApproach,5,6,4201,5338,1,restart,executed
restart,083c31e0-a545-40ae-b24e-64110bc0884d,29,EXPECTANCY_TEST,ev,6,6,,5360,1,restart,executed
restart,083c31e0-a545-40ae-b24e-64110bc0884d,35,VARIABILITY,vary,6,6,,5505,1,restart,executed
restart,709d5e49-fc0c-4934-8f52-b53aa090bdf8,5,SUBJECT_ENTER,up,0,1,,7234,1,restart,executed
restart,709d5e49-fc0c-4934-8f52-b53aa090bdf8,7,PATIENT_CLOSER,selfApproach,1,2,1687,5342,1,restart,executed
restart,709d5e49-fc0c-4934-8f52-b53aa090bdf8,9,PATIENT_CLOSER,selfApproach,2,3,4221,5838,1,restart,executed
restart,709d5e49-fc0c-4934-8f52-b53aa090bdf8,11,CEILING_BODY,down,3,2,6517,5822,1,restart,executed
restart,709d5e49-fc0c-4934-8f52-b53aa090bdf8,17,PATIENT_CLOSER,selfApproach,2,3,5066,5414,1,restart,executed
restart,709d5e49-fc0c-4934-8f52-b53aa090bdf8,19,CEILING_SUDS,down,3,2,2022,6390,1,restart,executed
restart,709d5e49-fc0c-4934-8f52-b53aa090bdf8,25,PATIENT_CLOSER,selfApproach,2,3,4854,5546,1,restart,executed
restart,709d5e49-fc0c-4934-8f52-b53aa090bdf8,27,PATIENT_CLOSER,selfApproach,3,4,1950,5048,1,restart,executed
restart,709d5e49-fc0c-4934-8f52-b53aa090bdf8,29,PATIENT_CLOSER,selfApproach,4,5,4515,5398,1,restart,executed
restart,709d5e49-fc0c-4934-8f52-b53aa090bdf8,35,UNDER_ENGAGED,up,5,6,,5656,1,restart,executed
restart,709d5e49-fc0c-4934-8f52-b53aa090bdf8,37,EXPECTANCY_TEST,ev,6,6,,5299,1,restart,executed
restart,709d5e49-fc0c-4934-8f52-b53aa090bdf8,43,VARIABILITY,vary,6,6,,5600,1,restart,executed
restart,ceaa46fc-d7af-4fb7-830f-2f6bd4e413d6,5,SUBJECT_ENTER,up,0,1,,9797,1,restart,executed
restart,ceaa46fc-d7af-4fb7-830f-2f6bd4e413d6,7,PATIENT_CLOSER,selfApproach,1,2,4477,7544,1,restart,executed
restart,ceaa46fc-d7af-4fb7-830f-2f6bd4e413d6,9,PATIENT_CLOSER,selfApproach,2,3,9380,7888,1,restart,executed
restart,ceaa46fc-d7af-4fb7-830f-2f6bd4e413d6,11,CEILING_BODY,down,3,2,13955,20855,1,restart,executed
restart,ceaa46fc-d7af-4fb7-830f-2f6bd4e413d6,17,PATIENT_CLOSER,selfApproach,2,3,139,6500,1,restart,executed
restart,ceaa46fc-d7af-4fb7-830f-2f6bd4e413d6,19,PATIENT_CLOSER,selfApproach,3,4,4886,8295,1,restart,executed
restart,ceaa46fc-d7af-4fb7-830f-2f6bd4e413d6,21,PATIENT_CLOSER,selfApproach,4,5,4691,8060,1,restart,executed
restart,ceaa46fc-d7af-4fb7-830f-2f6bd4e413d6,27,VARIABILITY,vary,5,5,,,,,requested
restart,e3e2cc5e-77ad-45c4-a57a-f3d1dd7026c5,5,SUBJECT_ENTER,up,0,1,,8779,1,restart,executed
restart,e3e2cc5e-77ad-45c4-a57a-f3d1dd7026c5,7,PATIENT_CLOSER,selfApproach,1,2,2778,5912,1,restart,executed
restart,e3e2cc5e-77ad-45c4-a57a-f3d1dd7026c5,9,PATIENT_CLOSER,selfApproach,2,3,5952,7087,1,restart,executed
restart,e3e2cc5e-77ad-45c4-a57a-f3d1dd7026c5,11,CEILING_BODY,down,3,2,9407,6334,1,restart,executed
restart,e3e2cc5e-77ad-45c4-a57a-f3d1dd7026c5,17,PATIENT_CLOSER,selfApproach,2,3,2570,7690,1,restart,executed
restart,e3e2cc5e-77ad-45c4-a57a-f3d1dd7026c5,19,CEILING_SUDS,down,3,2,7604,5828,1,restart,executed
restart,e3e2cc5e-77ad-45c4-a57a-f3d1dd7026c5,25,PATIENT_CLOSER,selfApproach,2,3,4002,8340,1,restart,executed
restart,e3e2cc5e-77ad-45c4-a57a-f3d1dd7026c5,27,PATIENT_CLOSER,selfApproach,3,4,3713,5723,1,restart,executed
restart,e3e2cc5e-77ad-45c4-a57a-f3d1dd7026c5,33,UNDER_ENGAGED,up,4,5,,7616,1,restart,executed
restart,e3e2cc5e-77ad-45c4-a57a-f3d1dd7026c5,39,VARIABILITY,vary,5,5,,6979,1,restart,executed
restart,e3e2cc5e-77ad-45c4-a57a-f3d1dd7026c5,45,VARIABILITY,vary,5,5,,7635,1,restart,executed
restart,e3e2cc5e-77ad-45c4-a57a-f3d1dd7026c5,47,UNDER_ENGAGED,up,5,6,,5913,1,restart,executed
restart,e3e2cc5e-77ad-45c4-a57a-f3d1dd7026c5,49,EXPECTANCY_TEST,ev,6,6,,6939,1,restart,executed
restart,e9801cd2-9d3d-4829-acfb-0066ee3efde8,4,SUBJECT_ENTER,up,0,1,,7327,1,restart,executed
restart,e9801cd2-9d3d-4829-acfb-0066ee3efde8,6,PATIENT_CLOSER,selfApproach,1,2,1219,5609,1,restart,executed
restart,e9801cd2-9d3d-4829-acfb-0066ee3efde8,8,PATIENT_CLOSER,selfApproach,2,3,4213,6434,1,restart,executed
restart,e9801cd2-9d3d-4829-acfb-0066ee3efde8,10,CEILING_BODY,down,3,2,7357,5829,1,restart,executed
restart,e9801cd2-9d3d-4829-acfb-0066ee3efde8,16,PATIENT_CLOSER,selfApproach,2,3,5623,6642,1,restart,executed
restart,e9801cd2-9d3d-4829-acfb-0066ee3efde8,18,CEILING_SUDS,down,3,2,3679,4838,1,restart,executed
restart,e9801cd2-9d3d-4829-acfb-0066ee3efde8,24,PATIENT_CLOSER,selfApproach,2,3,5264,5713,1,restart,executed
restart,e9801cd2-9d3d-4829-acfb-0066ee3efde8,26,PATIENT_CLOSER,selfApproach,3,4,2643,5101,1,restart,executed
restart,e9801cd2-9d3d-4829-acfb-0066ee3efde8,28,PATIENT_CLOSER,selfApproach,4,5,5083,5250,1,restart,executed
restart,e9801cd2-9d3d-4829-acfb-0066ee3efde8,34,VARIABILITY,vary,5,5,,5545,1,restart,executed
restart,e9801cd2-9d3d-4829-acfb-0066ee3efde8,40,UNDER_ENGAGED,up,5,6,,5410,1,restart,executed
restart,e9801cd2-9d3d-4829-acfb-0066ee3efde8,42,EXPECTANCY_TEST,ev,6,6,,5571,1,restart,executed
restart,e9801cd2-9d3d-4829-acfb-0066ee3efde8,48,VARIABILITY,vary,6,6,,5793,1,restart,executed
restate,10e113c1-9799-4bf1-948b-f300d999b521,4,SUBJECT_ENTER,up,0,1,,348,3,next_boundary,executed
restate,10e113c1-9799-4bf1-948b-f300d999b521,7,PATIENT_CLOSER,selfApproach,1,2,511,1834,3,next_boundary,executed
restate,10e113c1-9799-4bf1-948b-f300d999b521,10,PATIENT_CLOSER,selfApproach,2,3,59,1911,3,next_boundary,executed
restate,10e113c1-9799-4bf1-948b-f300d999b521,14,PATIENT_CLOSER,selfApproach,3,4,1263,1836,3,next_boundary,executed
restate,10e113c1-9799-4bf1-948b-f300d999b521,20,CEILING_BODY,down,4,3,5362,1756,3,next_boundary,executed
restate,10e113c1-9799-4bf1-948b-f300d999b521,26,VARIABILITY,vary,3,3,,1807,3,next_boundary,executed
restate,10e113c1-9799-4bf1-948b-f300d999b521,28,PATIENT_CLOSER,selfApproach,3,4,2086,1844,3,next_boundary,executed
restate,10e113c1-9799-4bf1-948b-f300d999b521,31,PATIENT_CLOSER,selfApproach,4,5,1472,1839,3,next_boundary,executed
restate,10e113c1-9799-4bf1-948b-f300d999b521,34,CEILING_SUDS,down,5,4,1087,1928,3,next_boundary,executed
restate,10e113c1-9799-4bf1-948b-f300d999b521,40,UNDER_ENGAGED,up,4,5,,1738,3,next_boundary,executed
restate,10e113c1-9799-4bf1-948b-f300d999b521,42,PATIENT_CLOSER,selfApproach,5,6,1766,1780,3,next_boundary,executed
restate,10e113c1-9799-4bf1-948b-f300d999b521,44,EXPECTANCY_TEST,ev,6,6,,1750,3,next_boundary,executed
restate,10e113c1-9799-4bf1-948b-f300d999b521,50,VARIABILITY,vary,6,6,,1754,3,next_boundary,executed
restate,44d1dc9f-474c-47ea-86a5-3a246f2a3697,5,SUBJECT_ENTER,up,0,1,,1345,3,next_boundary,executed
restate,44d1dc9f-474c-47ea-86a5-3a246f2a3697,7,PATIENT_CLOSER,selfApproach,1,2,183,1273,3,next_boundary,executed
restate,44d1dc9f-474c-47ea-86a5-3a246f2a3697,11,PATIENT_CLOSER,selfApproach,2,3,816,1835,3,next_boundary,executed
restate,44d1dc9f-474c-47ea-86a5-3a246f2a3697,14,PATIENT_CLOSER,selfApproach,3,4,440,1829,3,next_boundary,executed
restate,44d1dc9f-474c-47ea-86a5-3a246f2a3697,20,CEILING_BODY,down,4,3,4269,1967,3,next_boundary,executed
restate,44d1dc9f-474c-47ea-86a5-3a246f2a3697,26,CEILING_BODY,down,3,2,15301,1919,3,next_boundary,executed
restate,44d1dc9f-474c-47ea-86a5-3a246f2a3697,32,PATIENT_CLOSER,selfApproach,2,3,2306,1829,3,next_boundary,executed
restate,44d1dc9f-474c-47ea-86a5-3a246f2a3697,34,CEILING_SUDS,down,3,2,367,1683,3,next_boundary,executed
restate,44d1dc9f-474c-47ea-86a5-3a246f2a3697,40,UNDER_ENGAGED,up,2,3,,1767,3,next_boundary,executed
restate,44d1dc9f-474c-47ea-86a5-3a246f2a3697,42,PATIENT_CLOSER,selfApproach,3,4,836,1828,3,next_boundary,executed
restate,44d1dc9f-474c-47ea-86a5-3a246f2a3697,45,PATIENT_CLOSER,selfApproach,4,5,495,1829,3,next_boundary,executed
restate,44d1dc9f-474c-47ea-86a5-3a246f2a3697,49,PATIENT_CLOSER,selfApproach,5,6,1619,1832,3,next_boundary,executed
restate,44d1dc9f-474c-47ea-86a5-3a246f2a3697,51,EXPECTANCY_TEST,ev,6,6,,1697,3,next_boundary,executed
restate,97f43f46-2954-4a16-bf4f-a67e6ca623af,5,SUBJECT_ENTER,up,0,1,,1624,3,next_boundary,executed
restate,97f43f46-2954-4a16-bf4f-a67e6ca623af,7,PATIENT_CLOSER,selfApproach,1,2,68,1895,3,next_boundary,executed
restate,97f43f46-2954-4a16-bf4f-a67e6ca623af,11,PATIENT_CLOSER,selfApproach,2,3,1265,1854,3,next_boundary,executed
restate,97f43f46-2954-4a16-bf4f-a67e6ca623af,14,PATIENT_CLOSER,selfApproach,3,4,949,1743,3,next_boundary,executed
restate,97f43f46-2954-4a16-bf4f-a67e6ca623af,20,CEILING_BODY,down,4,3,4982,1765,3,next_boundary,executed
restate,97f43f46-2954-4a16-bf4f-a67e6ca623af,26,VARIABILITY,vary,3,3,,1732,3,next_boundary,executed
restate,97f43f46-2954-4a16-bf4f-a67e6ca623af,28,PATIENT_CLOSER,selfApproach,3,4,1563,1889,3,next_boundary,executed
restate,97f43f46-2954-4a16-bf4f-a67e6ca623af,31,PATIENT_CLOSER,selfApproach,4,5,1125,1834,3,next_boundary,executed
restate,97f43f46-2954-4a16-bf4f-a67e6ca623af,34,CEILING_SUDS,down,5,4,448,1893,3,next_boundary,executed
restate,97f43f46-2954-4a16-bf4f-a67e6ca623af,40,UNDER_ENGAGED,up,4,5,,1852,3,next_boundary,executed
restate,97f43f46-2954-4a16-bf4f-a67e6ca623af,42,PATIENT_CLOSER,selfApproach,5,6,1246,1911,3,next_boundary,executed
restate,97f43f46-2954-4a16-bf4f-a67e6ca623af,44,EXPECTANCY_TEST,ev,6,6,,1844,3,next_boundary,executed
restate,97f43f46-2954-4a16-bf4f-a67e6ca623af,50,VARIABILITY,vary,6,6,,1842,3,next_boundary,executed
restate,f7dca19e-cb98-4255-bcef-d6f8b42066f2,4,SUBJECT_ENTER,up,0,1,,2465,4,next_boundary,executed
restate,f7dca19e-cb98-4255-bcef-d6f8b42066f2,7,PATIENT_CLOSER,selfApproach,1,2,576,1817,3,next_boundary,executed
restate,f7dca19e-cb98-4255-bcef-d6f8b42066f2,11,PATIENT_CLOSER,selfApproach,2,3,1953,1723,3,next_boundary,executed
restate,f7dca19e-cb98-4255-bcef-d6f8b42066f2,14,PATIENT_CLOSER,selfApproach,3,4,1373,1833,3,next_boundary,executed
restate,f7dca19e-cb98-4255-bcef-d6f8b42066f2,20,VARIABILITY,vary,4,4,,1733,3,next_boundary,executed
restate,f7dca19e-cb98-4255-bcef-d6f8b42066f2,26,VARIABILITY,vary,4,4,,1841,3,next_boundary,executed
restate,f7dca19e-cb98-4255-bcef-d6f8b42066f2,28,PATIENT_CLOSER,selfApproach,4,5,1974,1938,3,next_boundary,executed
restate,f7dca19e-cb98-4255-bcef-d6f8b42066f2,31,PATIENT_CLOSER,selfApproach,5,6,1768,1742,3,next_boundary,executed
restate,f7dca19e-cb98-4255-bcef-d6f8b42066f2,33,EXPECTANCY_TEST,ev,6,6,,1858,3,next_boundary,executed
restate,f7dca19e-cb98-4255-bcef-d6f8b42066f2,35,CEILING_SUDS,down,6,5,2856,1767,3,next_boundary,executed
restate,f7dca19e-cb98-4255-bcef-d6f8b42066f2,41,UNDER_ENGAGED,up,5,6,,1911,3,next_boundary,executed
safe,30f1c0ad-a45e-475d-96fa-8009df4a0d9c,4,SUBJECT_ENTER,up,0,1,,291,3,next_boundary,executed
safe,30f1c0ad-a45e-475d-96fa-8009df4a0d9c,7,PATIENT_CLOSER,selfApproach,1,2,437,1842,3,next_boundary,executed
safe,30f1c0ad-a45e-475d-96fa-8009df4a0d9c,11,PATIENT_CLOSER,selfApproach,2,3,1653,1830,3,next_boundary,executed
safe,30f1c0ad-a45e-475d-96fa-8009df4a0d9c,14,PATIENT_CLOSER,selfApproach,3,4,1286,1838,3,next_boundary,executed
safe,30f1c0ad-a45e-475d-96fa-8009df4a0d9c,17,PATIENT_SAFE,safe,4,0,1,1497,3,next_boundary,executed
safe,30f1c0ad-a45e-475d-96fa-8009df4a0d9c,27,UNDER_ENGAGED,up,0,1,,1832,3,next_boundary,executed
safe,30f1c0ad-a45e-475d-96fa-8009df4a0d9c,30,PATIENT_CLOSER,selfApproach,1,2,1584,1906,3,next_boundary,executed
safe,30f1c0ad-a45e-475d-96fa-8009df4a0d9c,33,PATIENT_CLOSER,selfApproach,2,3,985,1833,3,next_boundary,executed
safe,30f1c0ad-a45e-475d-96fa-8009df4a0d9c,36,PATIENT_CLOSER,selfApproach,3,4,637,1833,3,next_boundary,executed
safe,30f1c0ad-a45e-475d-96fa-8009df4a0d9c,39,PATIENT_SAFE,safe,4,0,0,854,3,next_boundary,executed
safe,30f1c0ad-a45e-475d-96fa-8009df4a0d9c,49,UNDER_ENGAGED,up,0,1,,1828,3,next_boundary,executed
safe,3eca46e1-d787-44ab-b1f0-f065abca4c9e,5,SUBJECT_ENTER,up,0,1,,1438,3,next_boundary,executed
safe,3eca46e1-d787-44ab-b1f0-f065abca4c9e,8,PATIENT_CLOSER,selfApproach,1,2,1563,1816,3,next_boundary,executed
safe,3eca46e1-d787-44ab-b1f0-f065abca4c9e,11,PATIENT_CLOSER,selfApproach,2,3,921,1834,3,next_boundary,executed
safe,3eca46e1-d787-44ab-b1f0-f065abca4c9e,14,PATIENT_CLOSER,selfApproach,3,4,559,1841,3,next_boundary,executed
safe,3eca46e1-d787-44ab-b1f0-f065abca4c9e,17,PATIENT_SAFE,safe,4,0,0,776,3,next_boundary,executed
safe,3eca46e1-d787-44ab-b1f0-f065abca4c9e,30,PATIENT_CLOSER,selfApproach,0,1,805,1836,3,next_boundary,executed
safe,3eca46e1-d787-44ab-b1f0-f065abca4c9e,33,PATIENT_CLOSER,selfApproach,1,2,207,1827,3,next_boundary,executed
safe,3eca46e1-d787-44ab-b1f0-f065abca4c9e,37,PATIENT_CLOSER,selfApproach,2,3,1661,1874,3,next_boundary,executed
safe,3eca46e1-d787-44ab-b1f0-f065abca4c9e,39,PATIENT_SAFE,safe,3,0,0,283,3,next_boundary,executed
safe,3eca46e1-d787-44ab-b1f0-f065abca4c9e,50,UNDER_ENGAGED,up,0,1,,1845,3,next_boundary,executed
safe,8af24293-0a86-49c8-950c-300444683060,5,SUBJECT_ENTER,up,0,1,,1685,3,next_boundary,executed
safe,8af24293-0a86-49c8-950c-300444683060,8,PATIENT_CLOSER,selfApproach,1,2,1840,1821,3,next_boundary,executed
safe,8af24293-0a86-49c8-950c-300444683060,11,PATIENT_CLOSER,selfApproach,2,3,1222,1835,3,next_boundary,executed
safe,8af24293-0a86-49c8-950c-300444683060,14,PATIENT_CLOSER,selfApproach,3,4,860,1838,3,next_boundary,executed
safe,8af24293-0a86-49c8-950c-300444683060,17,PATIENT_SAFE,safe,4,0,0,1066,3,next_boundary,executed
safe,8af24293-0a86-49c8-950c-300444683060,30,PATIENT_CLOSER,selfApproach,0,1,1127,1843,3,next_boundary,executed
safe,8af24293-0a86-49c8-950c-300444683060,33,PATIENT_CLOSER,selfApproach,1,2,515,1833,3,next_boundary,executed
safe,8af24293-0a86-49c8-950c-300444683060,36,PATIENT_CLOSER,selfApproach,2,3,144,1869,3,next_boundary,executed
safe,8af24293-0a86-49c8-950c-300444683060,39,PATIENT_SAFE,safe,3,0,0,584,3,next_boundary,executed
safe,d889b088-7bc0-4bc5-9685-be8944354d3f,5,SUBJECT_ENTER,up,0,1,,1795,3,next_boundary,executed
safe,d889b088-7bc0-4bc5-9685-be8944354d3f,7,PATIENT_CLOSER,selfApproach,1,2,169,1844,3,next_boundary,executed
safe,d889b088-7bc0-4bc5-9685-be8944354d3f,11,PATIENT_CLOSER,selfApproach,2,3,1388,1841,3,next_boundary,executed
safe,d889b088-7bc0-4bc5-9685-be8944354d3f,14,PATIENT_CLOSER,selfApproach,3,4,1043,1805,3,next_boundary,executed
safe,d889b088-7bc0-4bc5-9685-be8944354d3f,17,PATIENT_SAFE,safe,4,0,1,1215,3,next_boundary,executed
safe,d889b088-7bc0-4bc5-9685-be8944354d3f,30,PATIENT_CLOSER,selfApproach,0,1,1285,1842,3,next_boundary,executed
safe,d889b088-7bc0-4bc5-9685-be8944354d3f,33,PATIENT_CLOSER,selfApproach,1,2,689,1851,3,next_boundary,executed
safe,d889b088-7bc0-4bc5-9685-be8944354d3f,36,PATIENT_CLOSER,selfApproach,2,3,322,1835,3,next_boundary,executed
safe,d889b088-7bc0-4bc5-9685-be8944354d3f,39,PATIENT_SAFE,safe,3,0,0,516,3,next_boundary,executed
safe,d889b088-7bc0-4bc5-9685-be8944354d3f,49,UNDER_ENGAGED,up,0,1,,1837,3,next_boundary,executed
