experiment,session,t_ms,level,outcome,reason,delay_ms
e3,23d01941-1dfe-42a6-938f-240c3740372f,1790892217689,1,honored,,744
e3,23d01941-1dfe-42a6-938f-240c3740372f,1790892223826,2,honored,,108
e3,23d01941-1dfe-42a6-938f-240c3740372f,1790892248669,2,honored,,938
e3,23d01941-1dfe-42a6-938f-240c3740372f,1790892254823,3,honored,,308
e3,23d01941-1dfe-42a6-938f-240c3740372f,1790892274747,4,honored,,2357
e3,23d01941-1dfe-42a6-938f-240c3740372f,1790892298779,6,refused,AT_CAP,
e3,9717a6f4-d719-40f7-aaab-3920c8cb3234,1790888799199,1,honored,,561
e3,9717a6f4-d719-40f7-aaab-3920c8cb3234,1790888805349,2,honored,,1622
e3,9717a6f4-d719-40f7-aaab-3920c8cb3234,1790888830196,2,honored,,617
e3,9717a6f4-d719-40f7-aaab-3920c8cb3234,1790888836353,3,honored,,1792
e3,9717a6f4-d719-40f7-aaab-3920c8cb3234,1790888856339,4,honored,,2050
e3,9717a6f4-d719-40f7-aaab-3920c8cb3234,1790888880188,6,refused,AT_CAP,
e3,a2551b2e-8cec-4e42-9dcc-67b6d8675deb,1790891132510,1,honored,,518
e3,a2551b2e-8cec-4e42-9dcc-67b6d8675deb,1790891138661,2,honored,,1708
e3,a2551b2e-8cec-4e42-9dcc-67b6d8675deb,1790891163497,2,honored,,687
e3,a2551b2e-8cec-4e42-9dcc-67b6d8675deb,1790891169627,3,honored,,94
e3,a2551b2e-8cec-4e42-9dcc-67b6d8675deb,1790891189532,3,honored,,2142
e3,a2551b2e-8cec-4e42-9dcc-67b6d8675deb,1790891213602,5,honored,,73
e3,ebb28c32-1cc6-48f2-a550-c3d0399551c3,1790889972955,1,honored,,1544
e3,ebb28c32-1cc6-48f2-a550-c3d0399551c3,1790889978852,2,honored,,1142
e3,ebb28c32-1cc6-48f2-a550-c3d0399551c3,1790890003877,2,honored,,1793
e3,ebb28c32-1cc6-48f2-a550-c3d0399551c3,1790890010017,3,honored,,1151
e3,ebb28c32-1cc6-48f2-a550-c3d0399551c3,1790890029940,4,honored,,1376
e3,ebb28c32-1cc6-48f2-a550-c3d0399551c3,1790890053964,6,refused,AT_CAP,
morph,0353a3ba-b659-4900-8351-c616cc678658,1790887058653,1,honored,,916
morph,0353a3ba-b659-4900-8351-c616cc678658,1790887064754,2,honored,,306
morph,0353a3ba-b659-4900-8351-c616cc678658,1790887070645,3,honored,,1866
morph,0353a3ba-b659-4900-8351-c616cc678658,1790887095669,3,honored,,2384
morph,40504e39-cdaa-43a4-b97c-570084a98d66,1790889163173,1,honored,,1662
morph,40504e39-cdaa-43a4-b97c-570084a98d66,1790889169305,2,honored,,971
morph,40504e39-cdaa-43a4-b97c-570084a98d66,1790889175175,3,honored,,570
morph,40504e39-cdaa-43a4-b97c-570084a98d66,1790889200289,3,honored,,1227
morph,40504e39-cdaa-43a4-b97c-570084a98d66,1790889206231,4,honored,,750
morph,40504e39-cdaa-43a4-b97c-570084a98d66,1790889226338,5,honored,,735
morph,40504e39-cdaa-43a4-b97c-570084a98d66,1790889232245,6,refused,AT_CAP,
morph,40504e39-cdaa-43a4-b97c-570084a98d66,1790889238151,6,refused,AT_CAP,
morph,40504e39-cdaa-43a4-b97c-570084a98d66,1790889244280,6,refused,AT_CAP,
morph,5a7ead25-ad69-43cf-bdff-e48f886e5ce8,1790887831494,1,honored,,830
morph,5a7ead25-ad69-43cf-bdff-e48f886e5ce8,1790887837648,2,honored,,160
morph,5a7ead25-ad69-43cf-bdff-e48f886e5ce8,1790887843523,3,honored,,1608
morph,5a7ead25-ad69-43cf-bdff-e48f886e5ce8,1790887868599,2,deferred,COOLDOWN,7769
morph,5a7ead25-ad69-43cf-bdff-e48f886e5ce8,1790887874480,2,deferred,COOLDOWN,1888
morph,6b44b16d-32c3-4fb1-85ac-67cf768de17b,1790888640305,1,honored,,1742
morph,6b44b16d-32c3-4fb1-85ac-67cf768de17b,1790888646210,2,honored,,1381
morph,6b44b16d-32c3-4fb1-85ac-67cf768de17b,1790888652405,3,honored,,620
morph,6b44b16d-32c3-4fb1-85ac-67cf768de17b,1790888677406,3,honored,,1374
morph,6b44b16d-32c3-4fb1-85ac-67cf768de17b,1790888683369,4,honored,,872
morph,6b44b16d-32c3-4fb1-85ac-67cf768de17b,1790888703243,4,honored,,1158
morph,6b44b16d-32c3-4fb1-85ac-67cf768de17b,1790888709430,5,honored,,564
morph,6b44b16d-32c3-4fb1-85ac-67cf768de17b,1790888715363,6,refused,AT_CAP,
morph,6b44b16d-32c3-4fb1-85ac-67cf768de17b,1790888721320,6,refused,AT_CAP,
morph,a82ab169-1c94-4814-b001-4c78f09f8a08,1790891493712,1,honored,,1518
morph,a82ab169-1c94-4814-b001-4c78f09f8a08,1790891499837,2,honored,,873
morph,a82ab169-1c94-4814-b001-4c78f09f8a08,1790891505724,3,honored,,528
morph,a82ab169-1c94-4814-b001-4c78f09f8a08,1790891530773,3,honored,,1108
morph,a82ab169-1c94-4814-b001-4c78f09f8a08,1790891536890,4,honored,,565
morph,a82ab169-1c94-4814-b001-4c78f09f8a08,1790891556836,5,honored,,973
morph,a82ab169-1c94-4814-b001-4c78f09f8a08,1790891562709,6,refused,AT_CAP,
morph,a82ab169-1c94-4814-b001-4c78f09f8a08,1790891568846,6,refused,AT_CAP,
morph,a82ab169-1c94-4814-b001-4c78f09f8a08,1790891574737,6,refused,AT_CAP,
morph,b399f956-3280-41a3-9e47-1aaaa36e7ae5,1790890391646,1,honored,,398
morph,b399f956-3280-41a3-9e47-1aaaa36e7ae5,1790890397814,2,honored,,1515
morph,b399f956-3280-41a3-9e47-1aaaa36e7ae5,1790890403687,3,honored,,1110
morph,b399f956-3280-41a3-9e47-1aaaa36e7ae5,1790890428627,3,honored,,1829
morph,b399f956-3280-41a3-9e47-1aaaa36e7ae5,1790890434790,4,honored,,1174
morph,b399f956-3280-41a3-9e47-1aaaa36e7ae5,1790890454635,4,honored,,1495
morph,b399f956-3280-41a3-9e47-1aaaa36e7ae5,1790890460807,5,honored,,942
morph,b399f956-3280-41a3-9e47-1aaaa36e7ae5,1790890466715,6,refused,AT_CAP,
morph,b399f956-3280-41a3-9e47-1aaaa36e7ae5,1790890472617,6,refused,AT_CAP,
morph,f25ebe6a-e0c4-4c4b-b543-8c9f0e1ff664,1790892064037,1,honored,,46
morph,f25ebe6a-e0c4-4c4b-b543-8c9f0e1ff664,1790892070171,2,honored,,1234
morph,f25ebe6a-e0c4-4c4b-b543-8c9f0e1ff664,1790892076038,3,honored,,887
morph,f25ebe6a-e0c4-4c4b-b543-8c9f0e1ff664,1790892101071,4,honored,,1602
morph,f25ebe6a-e0c4-4c4b-b543-8c9f0e1ff664,1790892107202,5,honored,,902
morph,f25ebe6a-e0c4-4c4b-b543-8c9f0e1ff664,1790892127146,6,refused,AT_CAP,
morph,fd2776e1-f3dd-4e7e-8dd3-00b46ee841af,1790889770676,1,honored,,1820
morph,fd2776e1-f3dd-4e7e-8dd3-00b46ee841af,1790889776798,2,honored,,1198
morph,fd2776e1-f3dd-4e7e-8dd3-00b46ee841af,1790889782667,3,honored,,832
morph,fd2776e1-f3dd-4e7e-8dd3-00b46ee841af,1790889807738,3,honored,,1416
morph,fd2776e1-f3dd-4e7e-8dd3-00b46ee841af,1790889813609,4,honored,,1057
morph,fd2776e1-f3dd-4e7e-8dd3-00b46ee841af,1790889833806,5,honored,,1022
morph,fd2776e1-f3dd-4e7e-8dd3-00b46ee841af,1790889839706,6,refused,AT_CAP,
morph,fd2776e1-f3dd-4e7e-8dd3-00b46ee841af,1790889845628,6,refused,AT_CAP,
morph,fd2776e1-f3dd-4e7e-8dd3-00b46ee841af,1790889851760,6,refused,AT_CAP,
morph,ff6db5fb-7ea9-409e-8f81-e439d8ef14e6,1790890978298,1,honored,,1416
morph,ff6db5fb-7ea9-409e-8f81-e439d8ef14e6,1790890984239,2,honored,,1096
morph,ff6db5fb-7ea9-409e-8f81-e439d8ef14e6,1790890990414,3,honored,,407
morph,ff6db5fb-7ea9-409e-8f81-e439d8ef14e6,1790891015234,3,honored,,1138
morph,ff6db5fb-7ea9-409e-8f81-e439d8ef14e6,1790891021434,4,honored,,507
morph,ff6db5fb-7ea9-409e-8f81-e439d8ef14e6,1790891041319,5,honored,,737
morph,ff6db5fb-7ea9-409e-8f81-e439d8ef14e6,1790891047250,6,refused,AT_CAP,
morph,ff6db5fb-7ea9-409e-8f81-e439d8ef14e6,1790891053454,6,refused,AT_CAP,
morph,ff6db5fb-7ea9-409e-8f81-e439d8ef14e6,1790891059391,6,refused,AT_CAP,
safe,30f1c0ad-a45e-475d-96fa-8009df4a0d9c,1790900176733,1,honored,,437
safe,30f1c0ad-a45e-475d-96fa-8009df4a0d9c,1790900182857,2,honored,,1653
safe,30f1c0ad-a45e-475d-96fa-8009df4a0d9c,1790900188724,3,honored,,1286
safe,30f1c0ad-a45e-475d-96fa-8009df4a0d9c,1790900217767,1,honored,,1584
safe,30f1c0ad-a45e-475d-96fa-8009df4a0d9c,1790900223867,2,honored,,985
safe,30f1c0ad-a45e-475d-96fa-8009df4a0d9c,1790900229722,3,honored,,637
safe,3eca46e1-d787-44ab-b1f0-f065abca4c9e,1790899698141,1,honored,,1563
safe,3eca46e1-d787-44ab-b1f0-f065abca4c9e,1790899704264,2,honored,,921
safe,3eca46e1-d787-44ab-b1f0-f065abca4c9e,1790899710128,3,honored,,559
safe,3eca46e1-d787-44ab-b1f0-f065abca4c9e,1790899739216,0,honored,,805
safe,3eca46e1-d787-44ab-b1f0-f065abca4c9e,1790899745327,1,honored,,207
safe,3eca46e1-d787-44ab-b1f0-f065abca4c9e,1790899751193,2,honored,,1661
safe,8af24293-0a86-49c8-950c-300444683060,1790899860189,1,honored,,1840
safe,8af24293-0a86-49c8-950c-300444683060,1790899866304,2,honored,,1222
safe,8af24293-0a86-49c8-950c-300444683060,1790899872165,3,honored,,860
safe,8af24293-0a86-49c8-950c-300444683060,1790899901234,0,honored,,1127
safe,8af24293-0a86-49c8-950c-300444683060,1790899907359,1,honored,,515
safe,8af24293-0a86-49c8-950c-300444683060,1790899913224,2,honored,,144
safe,d889b088-7bc0-4bc5-9685-be8944354d3f,1790900018750,1,honored,,169
safe,d889b088-7bc0-4bc5-9685-be8944354d3f,1790900024865,2,honored,,1388
safe,d889b088-7bc0-4bc5-9685-be8944354d3f,1790900030740,3,honored,,1043
safe,d889b088-7bc0-4bc5-9685-be8944354d3f,1790900059807,0,honored,,1285
safe,d889b088-7bc0-4bc5-9685-be8944354d3f,1790900065915,1,honored,,689
safe,d889b088-7bc0-4bc5-9685-be8944354d3f,1790900071781,2,honored,,322
